{
	"name": "poi-sheet",
	"title": "Point of Interest Sheet",
	"description": "A very simple alternate sheet that allows actors to be used as Points of Interest if map notes don't work for you.",
	"version": "0.0.8",
	"author": "Sky#9453",
	"minimumCoreVersion": "0.6.0",
	"compatibleCoreVersion": "0.7.8",
	"minimumSystemVersion": "1.1.1",
	"scripts": ["./poi-sheet.js"],
	"styles": ["/poi-sheet.css"],
	"url": "https://github.com/srotkin/foundry/tree/master/poi-sheet",
	"manifest": "https://raw.githubusercontent.com/srotkin/foundry/master/poi-sheet/poi-sheet/module.json",
	"download": "https://github.com/srotkin/foundry/master/poi-sheet/poi-sheet.zip"
}